공원명,도보점수,parking_score,구_list,인구점수_500m,인구점수_1000m,인구점수_2000m,총점_500m,총점_1000m,총점_2000m,rank_500m,rank_1000m,rank_2000m,컴포넌트_종합(평균)
경의선숲길,93.377,0.0,['마포구'],,21.481,40.451,65.23989999999999,60.322399999999995,64.1164,14,15,12,38.82725
고척근린공원,63.576,35.96,['구로구'],,,32.254,54.551300000000005,50.0171,51.7884,32,31,35,43.93
관악산공원(관악산),77.483,29.96,['관악구'],,,,61.69550000000001,57.1613,59.98620000000001,20,21,20,53.721500000000006
국립서울현충원,86.755,72.0,['동작구'],,,10.977,75.6667,71.1325,68.6484,3,6,7,56.577333333333335
금천체육공원,56.291,29.04,['금천구'],,,19.877,48.7963,44.2621,43.558,37,40,42,35.069333333333326
금천폭포근린공원,64.901,0.0,['금천구'],,,38.613,48.1543,43.620099999999994,46.663199999999996,39,41,40,34.504666666666665
길동생태공원,76.159,0.0,['강동구'],,19.681,54.912,54.9091,49.6316,56.6778,31,32,26,37.688
낙산공원,62.914,21.16,['종로구'],19.85,29.393,44.973,45.950399999999995,47.858999999999995,50.974999999999994,41,35,36,35.658
남산공원,0.0,40.2,['중구'],,6.513,16.292,17.253700000000002,9.342600000000001,11.2984,47,47,47,15.75125
달맞이근린공원,72.848,0.0,['성동구'],41.341,60.096,35.492,51.977,55.727999999999994,50.807199999999995,34,24,37,41.9554
도산근린공원,76.821,0.0,['강남구'],,14.478,51.798,55.3063,48.9882,56.4522,30,33,28,35.774249999999995
독립공원(서대문독립공원),96.026,29.52,['서대문구'],20.223,22.779,19.159,67.5642,68.07539999999999,67.3514,9,7,9,37.541399999999996
매헌시민의숲,80.132,0.0,['서초구'],,35.488,68.339,57.2929,55.1768,61.747,29,26,14,45.98975
문화비축기지,84.106,24.28,['마포구'],,0.0,55.139,64.5333,55.319599999999994,66.3474,18,25,11,40.88125
방화근린공원,88.079,0.0,['강서구'],,,,62.061099999999996,57.52689999999999,60.3518,19,20,19,44.0395
배봉산근린공원(배봉산),62.914,28.8,['동대문구'],,,20.857,52.7221,48.18789999999999,47.67979999999999,33,34,39,37.523666666666664
보라매공원,78.808,40.32,['동작구'],,22.472,23.127,64.5625,59.8432,59.9742,17,16,21,41.18175000000001
북서울꿈의숲,66.887,51.44,['강북구'],,,30.735,59.6339,55.0997,56.5672,26,27,27,49.687333333333335
북한산국립공원(북한산),80.132,47.232,"['강북구', '도봉구', '서대문구', '성북구', '은평구', '종로구']",,,15.664,66.7393,62.2051,60.6584,12,12,17,47.675999999999995
불암산도시자연공원(불암산),86.755,30.6,['노원구'],,,7.995,67.3867,62.85249999999999,59.772000000000006,10,10,22,41.78333333333333
사가정공원(용마산),86.093,20.16,['중랑구'],,20.548,68.262,64.9015,59.797399999999996,69.3402,15,17,6,48.76575
서서울호수공원,65.563,0.0,['양천구'],,27.355,72.942,48.551500000000004,44.808800000000005,53.9262,38,38,31,41.465
서울대공원,66.887,100.0,['관악구'],,,,69.3459,64.8117,67.6366,8,9,8,83.4435
서울로 7017,88.079,10.0,['중구'],27.006,24.016,31.47,60.248599999999996,59.6506,61.14139999999999,25,18,16,36.1142
서울숲,77.483,36.44,['성동구'],100.0,100.0,38.562,73.7778,73.7778,61.4902,4,4,15,70.497
서울식물원,84.106,89.0,['강서구'],,,,77.4773,72.94309999999999,75.76799999999999,2,5,3,86.553
서울창포원,94.702,25.56,['도봉구'],,,46.465,71.14689999999999,66.61269999999999,71.22619999999999,6,8,5,55.57566666666667
선유도공원,80.795,20.0,['영등포구'],,16.58,0.0,61.6907,55.793,52.477,21,23,33,29.34375
송파나루근린공원(석촌호수),83.444,32.96,['송파구'],,18.574,49.133,65.8721,60.3732,66.485,13,13,10,46.027750000000005
수락산도시자연공원(수락산),11.258,32.8,['노원구'],,,,22.5285,17.9943,20.8192,46,46,46,22.028999999999996
아차산공원(아차산),48.344,0.0,['광진구'],,48.337,73.201,38.2201,38.6738,43.6466,44,42,41,42.4705
어린이대공원,100.0,91.16,['광진구'],98.25,26.5,52.549,97.882,83.532,88.7418,1,1,1,73.69179999999999
여의도공원(여의도도시근린공원),85.43,0.0,['영등포구'],,,12.435,60.471700000000006,55.9375,53.745000000000005,24,22,32,32.62166666666667
올림픽공원,53.642,100.0,['송파구'],,1.43,55.386,61.398900000000005,52.4712,63.2624,22,29,13,52.6145
용두근린공원(용두공원),96.026,0.0,['동대문구'],78.901,86.282,83.808,73.3958,74.87199999999999,74.37719999999999,5,3,4,69.0034
용산가족공원,60.927,21.92,['용산'],,17.07,40.771,50.1539,44.3542,49.0944,35,39,38,35.172
우장산근린공원(우장산/우장산근린공원),54.967,24.0,['강서구'],,45.991,100.0,46.9939,46.97839999999999,57.780199999999994,40,36,23,56.2395
율현공원,43.709,0.0,['강남구'],,,15.604,35.4391,30.9049,29.3462,45,45,45,19.771
인왕산도시자연공원(인왕산),45.695,20.0,['종로구'],,10.116,5.865,40.6307,33.4402,32.589999999999996,42,44,44,20.418999999999997
일자산허브천문공원,68.212,0.0,['강동구'],,29.086,55.217,50.1409,46.7444,51.9706,36,37,34,38.12875
중랑캠핑숲(중랑가족캠핑장),97.351,58.8,['중랑구'],0.0,34.813,47.332,70.1706,77.1332,79.637,7,2,2,47.6592
진관근린공원(구파발폭포/이말산),96.689,0.0,['은평구'],,,12.649,67.2271,62.69289999999999,60.54319999999999,11,11,18,36.446
청계산도시자연공원(청계산),48.344,10.0,['서초구'],,,,40.2201,35.6859,38.5108,43,43,43,29.172
청량근린공원(천장산),82.781,0.0,['성북구'],,4.087,37.522,58.88230000000001,50.486000000000004,57.173,27,30,25,31.097500000000004
파리근린공원(파리공원),72.848,30.0,['양천구'],75.234,53.156,21.353,64.75559999999999,60.339999999999996,53.9794,16,14,30,50.5182
푸른수목원,69.536,32.88,['구로구'],,,36.553,57.511300000000006,52.9771,55.608200000000004,28,28,29,46.323
효창근린공원(효창공원),84.768,0.0,['용산구'],50.796,36.771,33.308,61.019999999999996,58.214999999999996,57.5224,23,19,24,41.12859999999999
